{
  "seed": 50,
  "brier_score": 0.0421,
  "duration_seconds": 48.426130533218384,
  "target_achieved": true,
  "timestamp": "2025-06-14T20:03:35.399921",
  "success": true
}