{
  "total_questions": 3,
  "total_brier_scores": 12,
  "average_brier_score": 0.09369643776472796,
  "results": [
    {
      "question_idx": 0,
      "question_id": "TPkEjiNb1wVCIGFnPcDD",
      "question": "Will the average global temperature in 2024 exceed 2023?",
      "predictions": {
        "7d": 0.6535,
        "30d": 0.665,
        "90d": 0.6950000000000001,
        "180d": 0.74
      },
      "brier_scores": {
        "7d": 0.12006225000000002,
        "30d": 0.11222499999999998,
        "90d": 0.09302499999999997,
        "180d": 0.06760000000000001
      },
      "actual_values": {
        "7d": 1.0,
        "30d": 1.0,
        "90d": 1.0,
        "180d": 1.0
      }
    },
    {
      "question_idx": 1,
      "question_id": "KCFbp1TH0RYN4j5zYdmh",
      "question": "Will any event of the Paris 2024 Olympic Games be postponed or cancelled due to the water quality of the Seine?",
      "predictions": {
        "7d": 0.5535,
        "30d": 0.5650000000000001,
        "90d": 0.5950000000000001,
        "180d": 0.64
      },
      "brier_scores": {
        "7d": 0.19936225000000002,
        "30d": 0.18922499999999995,
        "90d": 0.16402499999999992,
        "180d": 0.1296
      },
      "actual_values": {
        "7d": 1.0,
        "30d": 1.0,
        "90d": 1.0,
        "180d": 1.0
      }
    },
    {
      "question_idx": 2,
      "question_id": "q6wJThcy6TJnQKrbjALm",
      "question": "Will the majority of new cars sold be electric vehicles by the end of 2030?",
      "predictions": {
        "7d": 0.6034999999999999,
        "30d": 0.615,
        "90d": 0.645,
        "180d": 0.69
      },
      "brier_scores": {
        "7d": 0.01978496992228393,
        "30d": 0.01668206164348391,
        "90d": 0.0098325183074839,
        "180d": 0.002933203303483904
      },
      "actual_values": {
        "7d": 0.7441590556000001,
        "30d": 0.7441590556000001,
        "90d": 0.7441590556000001,
        "180d": 0.7441590556000001
      }
    }
  ]
}